<?xml version="1.0"?>
<!--<!DOCTYPE metadata SYSTEM "http://www.esri.com/metadata/esriprof80.dtd">-->
<metadata xml:lang="en"><Esri><CreaDate>20240219</CreaDate><CreaTime>14064500</CreaTime><SyncOnce>TRUE</SyncOnce><DataProperties><lineage><Process Name="Create Feature Class" ToolSource="C:\Program Files\ArcGIS\ArcToolbox\Toolboxes\Data Management Tools.tbx\CreateFeatureclass" Date="20060528" Time="153146">CreateFeatureclass "C:\Documents and Settings\home\My Documents\TrHung_data\ThaiNguyen Database\Arc Database\Shape_dir" Nha_poly # nhaHT_poly_Layer SAME_AS_TEMPLATE SAME_AS_TEMPLATE "{B286C06B-0879-11D2-AACA-00C04FA33C20};540000.327864 2340000.851248 24129.171592;-1072.241825 999999.999069;0.000000 100000.000000" # 0 0 0 "C:\Documents and Settings\home\My Documents\TrHung_data\ThaiNguyen Database\Arc Database\Shape_dir\Nha_poly.shp"</Process><Process Name="Append" ToolSource="C:\Program Files\ArcGIS\ArcToolbox\Toolboxes\Data Management Tools.tbx\Append" Date="20060528" Time="153155">Append nhaHT_poly_Layer "C:\Documents and Settings\home\My Documents\TrHung_data\ThaiNguyen Database\Arc Database\Shape_dir\Nha_poly.shp" TEST "C:\Documents and Settings\home\My Documents\TrHung_data\ThaiNguyen Database\Arc Database\Shape_dir\Nha_poly.shp"</Process><Process Name="FeatureClassToFeatureClass_1" ToolSource="C:\Program Files\ArcGIS\ArcToolbox\Toolboxes\Conversion Tools.tbx\FeatureClassToFeatureClass" Date="20060528" Time="153155">FeatureClassToFeatureClass "C:\Documents and Settings\home\My Documents\TrHung_data\ThaiNguyen Database\Arc Database\TN Hien trang 10000.mdb\nhaHT\nhaHT_poly" "C:\Documents and Settings\home\My Documents\TrHung_data\ThaiNguyen Database\Arc Database\Shape_dir" Nha_poly # "Entity Entity VISIBLE;Handle Handle VISIBLE;Layer Layer VISIBLE;Color Color VISIBLE;Linetype Linetype VISIBLE;Elevation Elevation VISIBLE;Thickness Thickness VISIBLE;Text_ Text_ VISIBLE;Shape_Length Shape_Leng VISIBLE;Shape_Area Shape_Area VISIBLE" SAME_AS_TEMPLATE SAME_AS_TEMPLATE # 0 "C:\Documents and Settings\home\My Documents\TrHung_data\ThaiNguyen Database\Arc Database\Shape_dir\Nha_poly.shp"</Process></lineage></DataProperties><ArcGISFormat>1.0</ArcGISFormat></Esri><idinfo><citation><citeinfo><onlink Sync="TRUE"></onlink></citeinfo></citation></idinfo><distInfo><distributor><distorTran><onLineSrc><linkage Sync="TRUE">file://</linkage><protocol Sync="TRUE">Local Area Network</protocol></onLineSrc></distorTran></distributor></distInfo><dataqual><lineage><procstep><procdesc Sync="TRUE">Dataset copied.</procdesc><srcused Sync="TRUE">E:\Data ThaiNguyen\Shape_dir\Nha_poly</srcused><date Sync="TRUE">20061028</date><time Sync="TRUE">10234900</time></procstep><procstep><procdesc Sync="TRUE">Dataset copied.</procdesc><srcused Sync="TRUE"></srcused><date Sync="TRUE">20070523</date><time Sync="TRUE">10131300</time></procstep><procstep><procdesc Sync="TRUE">Dataset copied.</procdesc><srcused Sync="TRUE"></srcused><date Sync="TRUE">20070523</date><time Sync="TRUE">10160600</time></procstep><procstep><procdesc Sync="TRUE">Dataset copied.</procdesc><srcused Sync="TRUE"></srcused><date Sync="TRUE">20070618</date><time Sync="TRUE">10423100</time></procstep><procstep><procdesc Sync="TRUE">Dataset copied.</procdesc><srcused Sync="TRUE"></srcused><date Sync="TRUE">20080919</date><time Sync="TRUE">18532500</time></procstep><procstep><procdesc Sync="TRUE">Dataset copied.</procdesc><srcused Sync="TRUE"></srcused><procdate Sync="TRUE">20081002</procdate><proctime Sync="TRUE">11380600</proctime></procstep></lineage></dataqual></metadata>
