<?xml version="1.0"?>
<metadata xml:lang="en"><Esri><CreaDate>20160807</CreaDate><CreaTime>13374700</CreaTime><SyncOnce>TRUE</SyncOnce><ArcGISFormat>1.0</ArcGISFormat><MetaID>{ADE07C3B-2012-4ECB-8696-D1FA3843362D}</MetaID></Esri><idinfo><citation><citeinfo><onlink Sync="TRUE"></onlink></citeinfo></citation></idinfo><distInfo><distributor><distorTran><onLineSrc><linkage Sync="TRUE">file://</linkage><protocol Sync="TRUE">Local Area Network</protocol></onLineSrc></distorTran></distributor></distInfo><dataqual><lineage><procstep><procdesc Sync="TRUE">Dataset copied.</procdesc><srcused Sync="TRUE">\\GIS\K\PROJECTS_CA\template\templete.mdb</srcused><date Sync="TRUE">20080505</date><time Sync="TRUE">11024000</time></procstep><procstep><procdesc Sync="TRUE">Dataset copied.</procdesc><srcused Sync="TRUE">\\GIS\D$\PROJ_CA\5_6\HaNoi.mdb</srcused><date Sync="TRUE">20080605</date><time Sync="TRUE">16510200</time></procstep><procstep><procdesc Sync="TRUE">Dataset copied.</procdesc><srcused Sync="TRUE">\\GIS\D$\PROJ_CA\5_6\HN.gdb</srcused><date Sync="TRUE">20080605</date><time Sync="TRUE">17174300</time></procstep><procstep><procdesc Sync="TRUE">Dataset copied.</procdesc><srcused Sync="TRUE">\\DUONGNC\NHANFILE\HNmoi\HaNoi.mdb</srcused><date Sync="TRUE">20080816</date><time Sync="TRUE">12133600</time></procstep><procstep><procdesc Sync="TRUE">Dataset copied.</procdesc><srcused Sync="TRUE"></srcused><procdate Sync="TRUE">20160807</procdate><proctime Sync="TRUE">13374700</proctime></procstep></lineage></dataqual></metadata>
