<?xml version="1.0"?>
<!--<!DOCTYPE metadata SYSTEM "http://www.esri.com/metadata/esriprof80.dtd">-->
<metadata xml:lang="vi"><Esri><CreaDate>20160807</CreaDate><CreaTime>13472400</CreaTime><SyncOnce>FALSE</SyncOnce><DataProperties><lineage><Process Name="UnregisterAsVersioned_3" ToolSource="C:\Program Files\ArcGIS\ArcToolbox\Toolboxes\Data Management Tools.tbx\UnregisterAsVersioned" Date="20060505" Time="134815">UnregisterAsVersioned "Database Connections\Connection to sde1.sde\SDE.VSDI50Administrative\SDE.Province50" KEEP_EDIT "Database Connections\Connection to sde1.sde\SDE.VSDI50Administrative\SDE.Province50"</Process><Process Name="UnregisterAsVersioned_3" ToolSource="C:\Program Files\ArcGIS\ArcToolbox\Toolboxes\Data Management Tools.tbx\UnregisterAsVersioned" Date="20060508" Time="135252">UnregisterAsVersioned "Database Connections\Connection to sde1.sde\SDE.VSDI50Administrative\SDE.Province50" KEEP_EDIT "Database Connections\Connection to sde1.sde\SDE.VSDI50Administrative\SDE.Province50"</Process><Process Name="UnregisterAsVersioned_3" ToolSource="C:\Program Files\ArcGIS\ArcToolbox\Toolboxes\Data Management Tools.tbx\UnregisterAsVersioned" Date="20060508" Time="145034">UnregisterAsVersioned "Database Connections\Connection to sde1.sde\SDE.VSDI50Administrative\SDE.Province50" KEEP_EDIT "Database Connections\Connection to sde1.sde\SDE.VSDI50Administrative\SDE.Province50"</Process><Process Name="UnregisterAsVersioned_2" ToolSource="C:\Program Files\ArcGIS\ArcToolbox\Toolboxes\Data Management Tools.tbx\UnregisterAsVersioned" Date="20060508" Time="150126">UnregisterAsVersioned "Database Connections\Connection to sde1.sde\SDE.VSDI50Administrative\SDE.Province50" KEEP_EDIT "Database Connections\Connection to sde1.sde\SDE.VSDI50Administrative\SDE.Province50"</Process><Process Name="UnregisterAsVersioned_2" ToolSource="C:\Program Files\ArcGIS\ArcToolbox\Toolboxes\Data Management Tools.tbx\UnregisterAsVersioned" Date="20060508" Time="151031">UnregisterAsVersioned "Database Connections\Connection to sde1.sde\SDE.VSDI50Administrative\SDE.Province50" KEEP_EDIT "Database Connections\Connection to sde1.sde\SDE.VSDI50Administrative\SDE.Province50"</Process><Process Name="UnregisterAsVersioned_3" ToolSource="C:\Program Files\ArcGIS\ArcToolbox\Toolboxes\Data Management Tools.tbx\UnregisterAsVersioned" Date="20060508" Time="151911">UnregisterAsVersioned "Database Connections\Connection to sde1.sde\SDE.VSDI50Administrative\SDE.Province50" KEEP_EDIT "Database Connections\Connection to sde1.sde\SDE.VSDI50Administrative\SDE.Province50"</Process><Process Name="UnregisterAsVersioned_3" ToolSource="C:\Program Files\ArcGIS\ArcToolbox\Toolboxes\Data Management Tools.tbx\UnregisterAsVersioned" Date="20060509" Time="094407">UnregisterAsVersioned "Database Connections\Connection to sde1.sde\SDE.VSDI50Administrative\SDE.Province50" KEEP_EDIT "Database Connections\Connection to sde1.sde\SDE.VSDI50Administrative\SDE.Province50"</Process><Process Name="UnregisterAsVersioned_3" ToolSource="C:\Program Files\ArcGIS\ArcToolbox\Toolboxes\Data Management Tools.tbx\UnregisterAsVersioned" Date="20060510" Time="145201">UnregisterAsVersioned "Database Connections\Connection to sde1.sde\SDE.VSDI50Administrative\SDE.Province50" KEEP_EDIT "Database Connections\Connection to sde1.sde\SDE.VSDI50Administrative\SDE.Province50"</Process><Process Name="UnregisterAsVersioned_4" ToolSource="C:\Program Files\ArcGIS\ArcToolbox\Toolboxes\Data Management Tools.tbx\UnregisterAsVersioned" Date="20060510" Time="170137">UnregisterAsVersioned "Database Connections\Connection to sde1.sde\SDE.VSDI50Administrative\SDE.Province50" KEEP_EDIT "Database Connections\Connection to sde1.sde\SDE.VSDI50Administrative\SDE.Province50"</Process><Process Name="UnregisterAsVersioned_3" ToolSource="C:\Program Files\ArcGIS\ArcToolbox\Toolboxes\Data Management Tools.tbx\UnregisterAsVersioned" Date="20060511" Time="085110">UnregisterAsVersioned "Database Connections\Connection to sde1.sde\SDE.VSDI50Administrative\SDE.Province50" KEEP_EDIT "Database Connections\Connection to sde1.sde\SDE.VSDI50Administrative\SDE.Province50"</Process><Process ToolSource="C:\Program Files\ArcGIS\ArcToolbox\Toolboxes\Data Management Tools.tbx\CopyFeatures" Date="20060628" Time="164016">CopyFeatures "Database Connections\Connection to sde1.sde\SDE.VSDI50Administrative\SDE.Province50" D:\Datawarehouse\NREDB2006\50.000\Administrative50\Admin50_28062006.mdb\SDE_Province50 # 0 0 0</Process><Process Name="FeatureClassToFeatureClass_1" ToolSource="C:\Program Files\ArcGIS\ArcToolbox\Toolboxes\Conversion Tools.tbx\FeatureClassToFeatureClass" Date="20080907" Time="224312">FeatureClassToFeatureClass F:\Demo\NREDB.gdb\HN\Province_new "Database Connections\Connection to lhvlaptop Admin.sde\SDE.FD50Admin" ProvinceHN_moi # "IDPROVINCE IDPROVINCE true true false 4 Long 0 0 ,First,#,F:\Demo\NREDB.gdb\HN\Province_new,IDPROVINCE,-1,-1;NAME NAME true true false 75 Text 0 0 ,First,#,F:\Demo\NREDB.gdb\HN\Province_new,NAME,-1,-1;AREA05 AREA05 true true false 8 Double 0 0 ,First,#,F:\Demo\NREDB.gdb\HN\Province_new,AREA05,-1,-1;DECNO DECNO true true false 37 Text 0 0 ,First,#,F:\Demo\NREDB.gdb\HN\Province_new,DECNO,-1,-1;DECDATE DECDATE true true false 8 Date 0 0 ,First,#,F:\Demo\NREDB.gdb\HN\Province_new,DECDATE,-1,-1;DECLINK DECLINK true true false 382 Text 0 0 ,First,#,F:\Demo\NREDB.gdb\HN\Province_new,DECLINK,-1,-1;ECONOMICAREA Vùng kinh tế true true false 4 Long 0 0 ,First,#,F:\Demo\NREDB.gdb\HN\Province_new,ECONOMICAREA,-1,-1;SHAPE_Length SHAPE_Length false true true 8 Double 0 0 ,First,#,F:\Demo\NREDB.gdb\HN\Province_new,SHAPE_Length,-1,-1;SHAPE_Area SHAPE_Area false true true 8 Double 0 0 ,First,#,F:\Demo\NREDB.gdb\HN\Province_new,SHAPE_Area,-1,-1" # "Database Connections\Connection to lhvlaptop Admin.sde\SDE.FD50Admin\SDE.ProvinceHN_moi"</Process></lineage></DataProperties><SyncDate>20080907</SyncDate><SyncTime>22431000</SyncTime><ModDate>20080907</ModDate><ModTime>22431000</ModTime><ArcGISFormat>1.0</ArcGISFormat><MetaID>{45A7570B-0AF5-41CA-8CB2-F496A93C03CC}</MetaID></Esri><idinfo><native Sync="TRUE">Microsoft Windows XP Version 5.1 (Build 2600) Service Pack 3; ESRI ArcCatalog 9.2.6.1500</native><descript><langdata Sync="TRUE">en</langdata><abstract>REQUIRED: A brief narrative summary of the data set.</abstract><purpose>REQUIRED: A summary of the intentions with which the data set was developed.</purpose></descript><citation><citeinfo><origin>REQUIRED: The name of an organization or individual that developed the data set.</origin><pubdate>REQUIRED: The date when the data set is published or otherwise made available for release.</pubdate><title Sync="TRUE">SDE.ProvinceHN_moi</title><ftname Sync="TRUE">SDE.ProvinceHN_moi</ftname><geoform Sync="TRUE">vector digital data</geoform><onlink Sync="TRUE"></onlink></citeinfo></citation><timeperd><current>REQUIRED: The basis on which the time period of content information is determined.</current><timeinfo><sngdate><caldate>REQUIRED: The year (and optionally month, or month and day) for which the data set corresponds to the ground.</caldate></sngdate></timeinfo></timeperd><status><progress>REQUIRED: The state of the data set.</progress><update>REQUIRED: The frequency with which changes and additions are made to the data set after the initial data set is completed.</update></status><spdom><bounding><westbc Sync="TRUE">102.121301</westbc><eastbc Sync="TRUE">109.737861</eastbc><northbc Sync="TRUE">23.393987</northbc><southbc Sync="TRUE">8.539519</southbc></bounding><lboundng><leftbc Sync="TRUE">205705.695132</leftbc><rightbc Sync="TRUE">984764.969585</rightbc><bottombc Sync="TRUE">946711.860922</bottombc><topbc Sync="TRUE">2587135.118514</topbc></lboundng></spdom><keywords><theme><themekt>REQUIRED: Reference to a formally registered thesaurus or a similar authoritative source of theme keywords.</themekt><themekey>REQUIRED: Common-use word or phrase used to describe the subject of the data set.</themekey></theme></keywords><accconst>REQUIRED: Restrictions and legal prerequisites for accessing the data set.</accconst><useconst>REQUIRED: Restrictions and legal prerequisites for using the data set after access is granted.</useconst><natvform Sync="TRUE">SDE Feature Class</natvform></idinfo><dataIdInfo><envirDesc Sync="TRUE">Microsoft Windows XP Version 5.1 (Build 2600) Service Pack 3; ESRI ArcCatalog 9.2.6.1500</envirDesc><dataLang><languageCode Sync="TRUE" value="en"></languageCode></dataLang><idCitation><resTitle Sync="TRUE">SDE.ProvinceHN_moi</resTitle><presForm><PresFormCd Sync="TRUE" value="005"></PresFormCd></presForm></idCitation><spatRpType><SpatRepTypCd Sync="TRUE" value="001"></SpatRepTypCd></spatRpType><dataExt><geoEle><GeoBndBox esriExtentType="native"><westBL Sync="TRUE">205705.695132</westBL><eastBL Sync="TRUE">984764.969585</eastBL><northBL Sync="TRUE">2587135.118514</northBL><southBL Sync="TRUE">946711.860922</southBL><exTypeCode Sync="TRUE">1</exTypeCode></GeoBndBox></geoEle></dataExt><geoBox esriExtentType="decdegrees"><westBL Sync="TRUE">102.121301</westBL><eastBL Sync="TRUE">109.737861</eastBL><northBL Sync="TRUE">23.393987</northBL><southBL Sync="TRUE">8.539519</southBL><exTypeCode Sync="TRUE">1</exTypeCode></geoBox></dataIdInfo><metainfo><langmeta Sync="TRUE">en</langmeta><metstdn Sync="TRUE">FGDC Content Standards for Digital Geospatial Metadata</metstdn><metstdv Sync="TRUE">FGDC-STD-001-1998</metstdv><mettc Sync="TRUE">local time</mettc><metc><cntinfo><cntorgp><cntper>REQUIRED: The person responsible for the metadata information.</cntper><cntorg>REQUIRED: The organization responsible for the metadata information.</cntorg></cntorgp><cntaddr><addrtype>REQUIRED: The mailing and/or physical address for the organization or individual.</addrtype><city>REQUIRED: The city of the address.</city><state>REQUIRED: The state or province of the address.</state><postal>REQUIRED: The ZIP or other postal code of the address.</postal></cntaddr><cntvoice>REQUIRED: The telephone number by which individuals can speak to the organization or individual.</cntvoice></cntinfo></metc><metd Sync="TRUE">20080907</metd><metextns><onlink Sync="TRUE">http://www.esri.com/metadata/esriprof80.html</onlink><metprof Sync="TRUE">ESRI Metadata Profile</metprof></metextns></metainfo><mdLang><languageCode Sync="TRUE" value="en"></languageCode></mdLang><mdStanName Sync="TRUE">ISO 19115 Geographic Information - Metadata</mdStanName><mdStanVer Sync="TRUE">DIS_ESRI1.0</mdStanVer><mdChar><CharSetCd Sync="TRUE" value="004"></CharSetCd></mdChar><mdHrLv><ScopeCd Sync="TRUE" value="005"></ScopeCd></mdHrLv><mdHrLvName Sync="TRUE">dataset</mdHrLvName><distinfo><resdesc Sync="TRUE">Downloadable Data</resdesc></distinfo><distInfo><distributor><distorTran><onLineSrc><orDesc Sync="TRUE">002</orDesc><linkage Sync="TRUE">file://</linkage><protocol Sync="TRUE">Local Area Network</protocol></onLineSrc></distorTran><distorFormat><formatName Sync="TRUE">SDE Feature Class</formatName></distorFormat></distributor></distInfo><spdoinfo><direct Sync="TRUE">Vector</direct><ptvctinf><esriterm Name="SDE.ProvinceHN_moi"><efeatyp Sync="TRUE">Simple</efeatyp><efeageom Sync="TRUE">Polygon</efeageom><esritopo Sync="TRUE">FALSE</esritopo><efeacnt Sync="TRUE">0</efeacnt><spindex Sync="TRUE">TRUE</spindex><linrefer Sync="TRUE">FALSE</linrefer></esriterm><sdtsterm Name="SDE.ProvinceHN_moi"><sdtstype Sync="TRUE">G-polygon</sdtstype><ptvctcnt Sync="TRUE">0</ptvctcnt></sdtsterm></ptvctinf></spdoinfo><spref><horizsys><cordsysn><geogcsn Sync="TRUE">GCS_WGS_1984</geogcsn><projcsn Sync="TRUE">VN2000</projcsn></cordsysn><planar><planci><plance Sync="TRUE">coordinate pair</plance><plandu Sync="TRUE">meters</plandu><coordrep><absres Sync="TRUE">0.000128</absres><ordres Sync="TRUE">0.000128</ordres></coordrep></planci><mapproj><mapprojn Sync="TRUE">Transverse Mercator</mapprojn><transmer><sfctrmer Sync="TRUE">0.999600</sfctrmer><longcm Sync="TRUE">105.000000</longcm><latprjo Sync="TRUE">0.000000</latprjo><feast Sync="TRUE">500000.000000</feast><fnorth Sync="TRUE">0.000000</fnorth></transmer></mapproj></planar><geodetic><horizdn Sync="TRUE">D_WGS_1984</horizdn><ellips Sync="TRUE">WGS_1984</ellips><semiaxis Sync="TRUE">6378137.000000</semiaxis><denflat Sync="TRUE">298.257224</denflat></geodetic></horizsys><vertdef><altsys><altenc Sync="TRUE">Explicit elevation coordinate included with horizontal coordinates</altenc><altres Sync="TRUE">1.000000</altres></altsys></vertdef></spref><refSysInfo><RefSystem><refSysID><identCode Sync="TRUE">VN2000</identCode></refSysID></RefSystem></refSysInfo><spatRepInfo><VectSpatRep><topLvl><TopoLevCd Sync="TRUE" value="001"></TopoLevCd></topLvl><geometObjs Name="SDE.ProvinceHN_moi"><geoObjTyp><GeoObjTypCd Sync="TRUE" value="001"></GeoObjTypCd></geoObjTyp><geoObjCnt Sync="TRUE">0</geoObjCnt></geometObjs></VectSpatRep></spatRepInfo><eainfo><detailed Name="SDE.ProvinceHN_moi"><enttyp><enttypl Sync="TRUE">SDE.ProvinceHN_moi</enttypl><enttypt Sync="TRUE">Feature Class</enttypt><enttypc Sync="TRUE">0</enttypc></enttyp><attr><attrlabl Sync="TRUE">OBJECTID</attrlabl><attalias Sync="TRUE">OBJECTID</attalias><attrtype Sync="TRUE">OID</attrtype><attwidth Sync="TRUE">4</attwidth><atprecis Sync="TRUE">10</atprecis><attscale Sync="TRUE">0</attscale><attrdef Sync="TRUE">Internal feature number.</attrdef><attrdefs Sync="TRUE">ESRI</attrdefs><attrdomv><udom Sync="TRUE">Sequential unique whole numbers that are automatically generated.</udom></attrdomv></attr><attr><attrlabl Sync="TRUE">IDPROVINCE</attrlabl><attalias Sync="TRUE">IDPROVINCE</attalias><attrtype Sync="TRUE">Integer</attrtype><attwidth Sync="TRUE">4</attwidth><atprecis Sync="TRUE">10</atprecis><attscale Sync="TRUE">0</attscale></attr><attr><attrlabl Sync="TRUE">NAME</attrlabl><attalias Sync="TRUE">NAME</attalias><attrtype Sync="TRUE">String</attrtype><attwidth Sync="TRUE">50</attwidth><atprecis Sync="TRUE">0</atprecis><attscale Sync="TRUE">0</attscale></attr><attr><attrlabl Sync="TRUE">AREA05</attrlabl><attalias Sync="TRUE">AREA05</attalias><attrtype Sync="TRUE">Double</attrtype><attwidth Sync="TRUE">8</attwidth><atprecis Sync="TRUE">38</atprecis><attscale Sync="TRUE">8</attscale></attr><attr><attrlabl Sync="TRUE">DECNO</attrlabl><attalias Sync="TRUE">DECNO</attalias><attrtype Sync="TRUE">String</attrtype><attwidth Sync="TRUE">25</attwidth><atprecis Sync="TRUE">0</atprecis><attscale Sync="TRUE">0</attscale></attr><attr><attrlabl Sync="TRUE">DECDATE</attrlabl><attalias Sync="TRUE">DECDATE</attalias><attrtype Sync="TRUE">Date</attrtype><attwidth Sync="TRUE">36</attwidth><atprecis Sync="TRUE">0</atprecis><attscale Sync="TRUE">0</attscale></attr><attr><attrlabl Sync="TRUE">DECLINK</attrlabl><attalias Sync="TRUE">DECLINK</attalias><attrtype Sync="TRUE">String</attrtype><attwidth Sync="TRUE">255</attwidth><atprecis Sync="TRUE">0</atprecis><attscale Sync="TRUE">0</attscale></attr><attr><attrlabl Sync="TRUE">SHAPE</attrlabl><attalias Sync="TRUE">Shape</attalias><attrtype Sync="TRUE">Geometry</attrtype><attwidth Sync="TRUE">4</attwidth><atprecis Sync="TRUE">0</atprecis><attscale Sync="TRUE">0</attscale><attrdef Sync="TRUE">Feature geometry.</attrdef><attrdefs Sync="TRUE">ESRI</attrdefs><attrdomv><udom Sync="TRUE">Coordinates defining the features.</udom></attrdomv></attr><attr><attrlabl Sync="TRUE">ECONOMICAREA</attrlabl><attalias Sync="TRUE">Vùng kinh tế</attalias><attrtype Sync="TRUE">Integer</attrtype><attwidth Sync="TRUE">4</attwidth><atprecis Sync="TRUE">0</atprecis><attscale Sync="TRUE">0</attscale></attr><attr><attrlabl Sync="TRUE">SHAPE.AREA</attrlabl><attalias Sync="TRUE">SHAPE.AREA</attalias><attrtype Sync="TRUE">Double</attrtype><attwidth Sync="TRUE">0</attwidth><atprecis Sync="TRUE">0</atprecis><attscale Sync="TRUE">0</attscale></attr><attr><attrlabl Sync="TRUE">SHAPE.LEN</attrlabl><attalias Sync="TRUE">SHAPE.LEN</attalias><attrtype Sync="TRUE">Double</attrtype><attwidth Sync="TRUE">0</attwidth><atprecis Sync="TRUE">0</atprecis><attscale Sync="TRUE">0</attscale></attr></detailed><detailed Name="SDE.ProHasEcoAtts"><enttyp><enttypl Sync="TRUE">SDE.ProHasEcoAtts</enttypl><enttypt Sync="TRUE">Relationship</enttypt></enttyp></detailed></eainfo><mdDateSt Sync="TRUE">20080907</mdDateSt><dataqual><lineage><procstep><procdesc Sync="TRUE">Dataset copied.</procdesc><srcused Sync="TRUE">\\VANLAPTOP\G\Map50Unicode\Admin50_28062006.mdb</srcused><date Sync="TRUE">20070622</date><time Sync="TRUE">14501600</time></procstep><procstep><procdesc Sync="TRUE">Dataset copied.</procdesc><srcused Sync="TRUE">Server=sde1; Service=esri_sde; Database=sde; User=sde; Version=SDE.DEFAULT</srcused><date Sync="TRUE">20071121</date><time Sync="TRUE">11094900</time></procstep><procstep><procdesc Sync="TRUE">Dataset copied.</procdesc><srcused Sync="TRUE">Server=vsdi; Service=esri_sde; Database=sde; User=sde; Version=SDE.DEFAULT</srcused><date Sync="TRUE">20071217</date><time Sync="TRUE">11420500</time></procstep><procstep><procdesc Sync="TRUE">Dataset copied.</procdesc><srcused Sync="TRUE">Server=vanlaptop; Service=esri_sde; Database=mymap; User=sde; Version=SDE.DEFAULT</srcused><date Sync="TRUE">20080119</date><time Sync="TRUE">13044700</time></procstep><procstep><procdesc Sync="TRUE">Dataset copied.</procdesc><srcused Sync="TRUE">\\LHVLAPTOP\C$\Demo\NREDB.gdb</srcused><date Sync="TRUE">20080402</date><time Sync="TRUE">16042400</time></procstep><procstep><procdesc Sync="TRUE">Dataset copied.</procdesc><srcused Sync="TRUE">Server=lhvlaptop; Service=esri_sde; Database=map1; User=sde; Version=SDE.DEFAULT</srcused><date Sync="TRUE">20080907</date><time Sync="TRUE">23275700</time></procstep><procstep><procdesc Sync="TRUE">Dataset copied.</procdesc><srcused Sync="TRUE">\\LHVLAPTOP\F\HaNoi_Moi\HaNoi.mdb</srcused><date Sync="TRUE">20080907</date><time Sync="TRUE">23384000</time></procstep><procstep><procdesc Sync="TRUE">Dataset copied.</procdesc><srcused Sync="TRUE">Server=lhvlaptop; Service=esri_sde; Database=map1; User=sde; Version=SDE.DEFAULT</srcused><date Sync="TRUE">20080907</date><time Sync="TRUE">23533100</time></procstep><procstep><procdesc Sync="TRUE">Dataset copied.</procdesc><srcused Sync="TRUE"></srcused><procdate Sync="TRUE">20160807</procdate><proctime Sync="TRUE">13472400</proctime></procstep></lineage></dataqual></metadata>
