<?xml version="1.0" encoding="UTF-8"?>
<metadata xml:lang="en"><Esri><CreaDate>20160330</CreaDate><CreaTime>17044900</CreaTime><ArcGISFormat>1.0</ArcGISFormat><SyncOnce>TRUE</SyncOnce><DataProperties><itemProps><itemLocation><linkage Sync="TRUE">file://\\LONG\E$\Tai lieu thuc hanh do thi II\data_phuly\chuong1\QTKK_PL</linkage><protocol Sync="TRUE">Local Area Network</protocol></itemLocation></itemProps><copyHistory><copy source="E:\Tai lieu thuc hanh do thi II\data_phuly\QTKK_PL" dest="\\LONG\E$\Tai lieu thuc hanh do thi II\data_phuly\chuong1\QTKK_PL" date="20120521" time="10025700"></copy></copyHistory></DataProperties></Esri></metadata>
