<?xml version="1.0" encoding="UTF-8"?>
<metadata xml:lang="en"><Esri><CreaDate>20160330</CreaDate><CreaTime>17032300</CreaTime><ArcGISFormat>1.0</ArcGISFormat><SyncOnce>FALSE</SyncOnce><DataProperties><lineage><Process ToolSource="C:\Program Files\ArcGIS\Desktop10.0\ArcToolbox\Toolboxes\Data Management Tools.tbx\CalculateField" Date="20120302" Time="163144">CalculateField RG_PhuongXa LOAI_RG "Ranh giÃƒÆ’Ã‚Â¡Ãƒâ€šÃ‚Â»ÃƒÂ¢Ã¢â€šÂ¬Ã‚Âºi phÃƒÆ’Ã¢â‚¬Â Ãƒâ€šÃ‚Â°ÃƒÆ’Ã‚Â¡Ãƒâ€šÃ‚Â»Ãƒâ€šÃ‚Âng, xÃƒÆ’Ã†â€™Ãƒâ€šÃ‚Â£ lÃƒÆ’Ã†â€™Ãƒâ€šÃ‚Â  ÃƒÆ’Ã¢â‚¬Å¾ÃƒÂ¢Ã¢â€šÂ¬Ã‹Å“ÃƒÆ’Ã‚Â¡Ãƒâ€šÃ‚Â»ÃƒÂ¢Ã¢â€šÂ¬Ã‚Â¹a giÃƒÆ’Ã‚Â¡Ãƒâ€šÃ‚Â»ÃƒÂ¢Ã¢â€šÂ¬Ã‚Âºi" VB #</Process><Process ToolSource="C:\Program Files\ArcGIS\Desktop10.0\ArcToolbox\Toolboxes\Data Management Tools.tbx\CalculateField" Date="20120302" Time="163154">CalculateField RG_PhuongXa MA_LOAI 7 VB #</Process><Process ToolSource="C:\Program Files\ArcGIS\Desktop10.0\ArcToolbox\Toolboxes\Conversion Tools.tbx\FeatureClassToFeatureClass" Date="20120302" Time="163846">FeatureClassToFeatureClass "D:\GIS WORKS\CSDL GIS_TP PHU LY\02_Making\Tonghoplai\RG_PhuongXa.shp" "D:\GIS WORKS\CSDL GIS_TP PHU LY\02_Making\CSDL_GIS_PHULY.mdb\CSDL_NEN" RG_PhuongXa # "MA_LOAI "MA_LOAI" true true false 4 Short 0 4 ,First,#,D:\GIS WORKS\CSDL GIS_TP PHU LY\02_Making\Tonghoplai\RG_PhuongXa.shp,MA_LOAI,-1,-1;LOAI_RG "LOAI_RG" true true false 50 Text 0 0 ,First,#,D:\GIS WORKS\CSDL GIS_TP PHU LY\02_Making\Tonghoplai\RG_PhuongXa.shp,LOAI_RG,-1,-1" #</Process><Process ToolSource="C:\Program Files\ArcGIS\Desktop10.0\ArcToolbox\Toolboxes\Data Management Tools.tbx\CopyFeatures" Date="20120425" Time="094944">CopyFeatures "D:\GIS WORKS\CSDL GIS_TP PHU LY\03_Result\CSDL_GIS_PHULY.mdb\CSDL_NEN\RG_PhuongXa" "D:\GIS WORKS\CSDL GIS_TP PHU LY\SHAPE FILE\01_DL Nen do thi\RG_PhuongXa.shp" # 0 0 0</Process><Process ToolSource="C:\Program Files\ArcGIS\Desktop10.0\ArcToolbox\Toolboxes\Data Management Tools.tbx\CopyFeatures" Date="20120425" Time="104807">CopyFeatures "D:\GIS WORKS\CSDL GIS_TP PHU LY\CSDL GIS Phu Ly\01_NENDOTHI\RG_PhuongXa.shp" "D:\GIS WORKS\CSDL GIS_TP PHU LY\03_Result\CSDL_GIS_PHULY.gdb\NENDOTHI\RG_PhuongXa" # 0 0 0</Process></lineage><itemProps><itemName Sync="TRUE">RG_PhuongXa</itemName><imsContentType Sync="TRUE">002</imsContentType><itemLocation><linkage Sync="TRUE">file://\\DUONGPC\D$\GIS WORKS\CSDL GIS_TP PHU LY\03_Result\CSDL_GIS_PHULY.gdb</linkage><protocol Sync="TRUE">Local Area Network</protocol></itemLocation><itemSize Sync="TRUE">0.000</itemSize></itemProps><coordRef><type Sync="TRUE">Projected</type><geogcsn Sync="TRUE">GCS_VN_2000</geogcsn><projcsn Sync="TRUE">GCS_WGS_1984</projcsn><peXml Sync="TRUE">&lt;ProjectedCoordinateSystem xsi:type='typens:ProjectedCoordinateSystem' xmlns:xsi='http://www.w3.org/2001/XMLSchema-instance' xmlns:xs='http://www.w3.org/2001/XMLSchema' xmlns:typens='http://www.esri.com/schemas/ArcGIS/10.0'&gt;&lt;WKT&gt;PROJCS[&amp;quot;GCS_WGS_1984&amp;quot;,GEOGCS[&amp;quot;GCS_VN_2000&amp;quot;,DATUM[&amp;quot;D_Vietnam_2000&amp;quot;,SPHEROID[&amp;quot;WGS_1984&amp;quot;,6378137.0,298.257223563]],PRIMEM[&amp;quot;Greenwich&amp;quot;,0.0],UNIT[&amp;quot;Degree&amp;quot;,0.0174532925199433]],PROJECTION[&amp;quot;Transverse_Mercator&amp;quot;],PARAMETER[&amp;quot;False_Easting&amp;quot;,500000.0],PARAMETER[&amp;quot;False_Northing&amp;quot;,0.0],PARAMETER[&amp;quot;Central_Meridian&amp;quot;,105.0],PARAMETER[&amp;quot;Scale_Factor&amp;quot;,0.9999],PARAMETER[&amp;quot;Latitude_Of_Origin&amp;quot;,0.0],UNIT[&amp;quot;Meter&amp;quot;,1.0]]&lt;/WKT&gt;&lt;XOrigin&gt;-5122600&lt;/XOrigin&gt;&lt;YOrigin&gt;-10001100&lt;/YOrigin&gt;&lt;XYScale&gt;10000&lt;/XYScale&gt;&lt;ZOrigin&gt;-100000&lt;/ZOrigin&gt;&lt;ZScale&gt;10000&lt;/ZScale&gt;&lt;MOrigin&gt;-100000&lt;/MOrigin&gt;&lt;MScale&gt;10000&lt;/MScale&gt;&lt;XYTolerance&gt;0.001&lt;/XYTolerance&gt;&lt;ZTolerance&gt;0.001&lt;/ZTolerance&gt;&lt;MTolerance&gt;0.001&lt;/MTolerance&gt;&lt;HighPrecision&gt;true&lt;/HighPrecision&gt;&lt;/ProjectedCoordinateSystem&gt;</peXml></coordRef></DataProperties><SyncDate>20120425</SyncDate><SyncTime>10480600</SyncTime><ModDate>20120425</ModDate><ModTime>10480600</ModTime></Esri><dataIdInfo><envirDesc Sync="TRUE">Microsoft Windows Server 2008 R2 Version 6.1 (Build 7600) ; ESRI ArcGIS 10.0.0.2414</envirDesc><dataLang><languageCode value="eng" country="USA"></languageCode></dataLang><idCitation><resTitle Sync="TRUE">RG_PhuongXa</resTitle><presForm><PresFormCd value="005"></PresFormCd></presForm></idCitation><descKeys><thesaName uuidref="723f6998-058e-11dc-8314-0800200c9a66"></thesaName><keyword Sync="TRUE">002</keyword></descKeys><spatRpType><SpatRepTypCd value="001"></SpatRepTypCd></spatRpType></dataIdInfo><mdLang><languageCode value="eng"></languageCode></mdLang><distInfo><distFormat><formatName Sync="TRUE">File Geodatabase Feature Class</formatName></distFormat><distTranOps><transSize Sync="TRUE">0.000</transSize></distTranOps></distInfo><mdHrLv><ScopeCd value="005"></ScopeCd></mdHrLv><mdHrLvName Sync="TRUE">dataset</mdHrLvName><refSysInfo><RefSystem><refSysID><identCode code="0"></identCode></refSysID></RefSystem></refSysInfo><spdoinfo><ptvctinf><esriterm Name="RG_PhuongXa"><efeatyp Sync="TRUE">Simple</efeatyp><efeageom Sync="TRUE">3</efeageom><esritopo Sync="TRUE">FALSE</esritopo><efeacnt Sync="TRUE">0</efeacnt><spindex Sync="TRUE">TRUE</spindex><linrefer Sync="TRUE">FALSE</linrefer></esriterm></ptvctinf></spdoinfo><spatRepInfo><VectSpatRep><topLvl><TopoLevCd value="001"></TopoLevCd></topLvl><geometObjs><geoObjTyp><GeoObjTypCd value="002"></GeoObjTypCd><geoObjCnt Sync="TRUE">0</geoObjCnt></geoObjTyp></geometObjs></VectSpatRep></spatRepInfo><eainfo><detailed Name="RG_PhuongXa"><enttyp><enttypl Sync="TRUE">RG_PhuongXa</enttypl><enttypt Sync="TRUE">Feature Class</enttypt><enttypc Sync="TRUE">0</enttypc></enttyp><attr><attrlabl Sync="TRUE">OBJECTID</attrlabl><attalias Sync="TRUE">OBJECTID</attalias><attrtype Sync="TRUE">OID</attrtype><attwidth Sync="TRUE">4</attwidth><atprecis Sync="TRUE">0</atprecis><attscale Sync="TRUE">0</attscale><attrdef Sync="TRUE">Internal feature number.</attrdef><attrdefs Sync="TRUE">ESRI</attrdefs><attrdomv><udom Sync="TRUE">Sequential unique whole numbers that are automatically generated.</udom></attrdomv></attr><attr><attrlabl Sync="TRUE">Shape</attrlabl><attalias Sync="TRUE">Shape</attalias><attrtype Sync="TRUE">Geometry</attrtype><attwidth Sync="TRUE">0</attwidth><atprecis Sync="TRUE">0</atprecis><attscale Sync="TRUE">0</attscale><attrdef Sync="TRUE">Feature geometry.</attrdef><attrdefs Sync="TRUE">ESRI</attrdefs><attrdomv><udom Sync="TRUE">Coordinates defining the features.</udom></attrdomv></attr><attr><attrlabl Sync="TRUE">MA_LOAI</attrlabl><attalias Sync="TRUE">MA_LOAI</attalias><attrtype Sync="TRUE">SmallInteger</attrtype><attwidth Sync="TRUE">2</attwidth><atprecis Sync="TRUE">0</atprecis><attscale Sync="TRUE">0</attscale></attr><attr><attrlabl Sync="TRUE">LOAI_RG</attrlabl><attalias Sync="TRUE">LOAI_RG</attalias><attrtype Sync="TRUE">String</attrtype><attwidth Sync="TRUE">50</attwidth><atprecis Sync="TRUE">0</atprecis><attscale Sync="TRUE">0</attscale></attr><attr><attrlabl Sync="TRUE">Shape_Leng</attrlabl><attalias Sync="TRUE">Shape_Leng</attalias><attrtype Sync="TRUE">Double</attrtype><attwidth Sync="TRUE">8</attwidth><atprecis Sync="TRUE">0</atprecis><attscale Sync="TRUE">0</attscale></attr><attr><attrlabl Sync="TRUE">Shape_Length</attrlabl><attalias Sync="TRUE">Shape_Length</attalias><attrtype Sync="TRUE">Double</attrtype><attwidth Sync="TRUE">8</attwidth><atprecis Sync="TRUE">0</atprecis><attscale Sync="TRUE">0</attscale><attrdef Sync="TRUE">Length of feature in internal units.</attrdef><attrdefs Sync="TRUE">ESRI</attrdefs><attrdomv><udom Sync="TRUE">Positive real numbers that are automatically generated.</udom></attrdomv></attr></detailed></eainfo><mdDateSt Sync="TRUE">20120425</mdDateSt></metadata>
